Name,Age
Henry Hudson,95
Molly Mclean,56
Nicole Morrison,59
Jeffrey Rich,65
Joshua English,74
Billy Huynh,83
Jeff Rodriguez,51
James Kelly,57
Kenneth Curry,78
Elizabeth Alvarado,76
Adam Little,66
Steven Nicholson,66
Derek Taylor,95
Angela Sanchez,62
Andrew Nguyen,51
Barbara Howard,98
William Gray,73
Chelsea Wright,57
Carly Mclean,66
Robin Ross,88
Adriana Velasquez,79
Mary Ibarra,80
Christopher Harris,63
Rachel Jones,84
Joshua Sanders,82
Dr. Chad Gamble,79
Tiffany Horton,83
Lisa Hess,87
Mary Johnson,99
Kenneth Newton,58
Raven Nielsen,75
Kayla Orr,54
Laura Peters,77
Caitlin Nichols,96
Tina Rodgers,65
William Brown,89
Marie Hunter,95
Sarah Ortiz,76
Allison Rodriguez,94
Brett Walker,71
Suzanne Turner,81
Elizabeth Thompson,74
Christopher Mitchell,65
Madison Harrell,72
Claudia Patel,61
Mrs. Elaine Thompson,67
Jose Chandler,73
Jessica Gallagher,52
Wendy Sparks,66
Dawn Johnson,73
Wanda Cohen,60
Robert Martinez,61
Elizabeth Mason,82
Kayla Kline,64
Aaron Brown,72
Stephanie Riley,65
Amber Becker,91
Steven Thompson,50
Travis Gentry,71
Erika Phillips,84
Kyle Price,67
Emily Potts,83
Gabriel Jimenez,95
Teresa Owens,81
Anna Jackson,55
Dillon Perkins,58
Miss Renee Jenkins,88
Jonathan Dunn,74
Richard Turner,71
Donald Hoffman,81
Robin Myers,72
Daniel Norman,86
Jennifer Fleming,71
Jimmy Glass,59
Kimberly Stone,96
Patricia Cook,63
Justin Callahan,92
Elizabeth Clark,98
Brianna Aguilar,62
Heather Simmons,95
Aimee Mack,66
Edward Morton,76
April Farrell,91
Anthony Alvarado,96
Mary Taylor,63
Brian Reid,79
James French,57
Sue Sanchez,70
